{"calls": [1746316717.5982816, 1746316725.8103702, 1746316728.607753, 1746316732.5431843, 1746316733.9493647, 1746316736.4650304, 1746316756.0654254, 1746316758.4324021, 1746316760.1450443, 1746316762.2114959, 1746316768.9085836, 1746316771.167045, 1746316773.173719, 1746316774.396917, 1746316776.476369], "total_calls": 79}