{"calls": [1746320868.766774, 1746320870.595834, 1746320871.7122033, 1746320873.6455984, 1746320875.0777605, 1746320876.5409322, 1746320877.2646496, 1746320878.8378181, 1746320879.7842183, 1746320882.2256691, 1746320920.706273, 1746320922.9309485, 1746320924.5937018, 1746320925.7412996, 1746320927.6090875], "total_calls": 99}